<project xmlns="http://maven.apache.org/POM/4.0.0" xmlns:xsi="http://www.w3.org/2001/XMLSchema-instance"
	xsi:schemaLocation="http://maven.apache.org/POM/4.0.0 http://maven.apache.org/xsd/maven-4.0.0.xsd">
	<modelVersion>4.0.0</modelVersion>
	<groupId>BusinessMiniatures</groupId>
	<artifactId>BusinessMiniatures</artifactId>
	<version>0.0.1-SNAPSHOT</version>
	<packaging>war</packaging>

	<parent>
		<groupId>org.springframework.boot</groupId>
		<artifactId>spring-boot-starter-parent</artifactId>
		<version>1.5.10.RELEASE</version>
	</parent>

	<dependencies>
		<dependency>
			<groupId>org.springframework.boot</groupId>
			<artifactId>spring-boot-starter-web</artifactId>
			<exclusions>
				<exclusion>
					<groupId>org.springframework.boot</groupId>
					<artifactId>spring-boot-starter-tomcat</artifactId>
				</exclusion>
			</exclusions>
		</dependency>
		
		<!-- Add this dependency when you want to deploy in external tomcat -->
		<dependency>
			<groupId>org.springframework.boot</groupId>
			<artifactId>spring-boot-starter-tomcat</artifactId>
			<scope>provided</scope>
		</dependency>
		<!-- Add this dependency when you want to deploy in external tomcat -->
		
		
		
		<!-- Java Mongo DB Driver -->
		<dependency>
			<groupId>org.mongodb</groupId>
			<artifactId>mongo-java-driver</artifactId>
		</dependency>
		<!-- Java Mongo DB Driver -->

		<!-- Spring Data Mongo DB -->
		<dependency>
			<groupId>org.springframework.data</groupId>
			<artifactId>spring-data-mongodb</artifactId>
		</dependency>
		
		
		<!-- Spring Data Mongo DB -->
		
	<dependency>
    <groupId>commons-io</groupId>
    <artifactId>commons-io</artifactId>
    <version>2.4</version>
    </dependency>
  
		
		<!--  commons-codec   contains    encoder and decoders for   Base64 -->
	<dependency>
    <groupId>commons-codec</groupId>
    <artifactId>commons-codec</artifactId>  
    </dependency>
    
    
    <dependency>
        <groupId>org.springframework.boot</groupId>
        <artifactId>spring-boot-starter-mail</artifactId>
    </dependency>
    
    <!-- unirest -->
    <dependency>
    <groupId>com.mashape.unirest</groupId>
    <artifactId>unirest-java</artifactId>
    <version>1.4.9</version>
   </dependency>
     <dependency>
     <groupId>org.apache.httpcomponents</groupId>
    <artifactId>httpclient</artifactId>
    <version>4.3.6</version>
   </dependency>
  <dependency>
  <groupId>org.apache.httpcomponents</groupId>
  <artifactId>httpasyncclient</artifactId>
  <version>4.0.2</version>
   </dependency>
   <dependency>
  <groupId>org.apache.httpcomponents</groupId>
  <artifactId>httpmime</artifactId>
  <version>4.3.6</version>
    </dependency>
    <dependency>
			<groupId>org.json</groupId>
			<artifactId>json</artifactId>
			<version>20160810</version>
	</dependency>
    
  <!-- unirest  Required -->
  
  
  <!-- Find Buger -->
  <dependency>
		<groupId>com.google.code.findbugs</groupId>
	    <artifactId>jsr305</artifactId>
		<version>3.0.2</version>
		<scope>provided</scope>
  </dependency>
  <!-- Find Buger -->
  
  


  <dependency>
  	<groupId>org.springframework.boot</groupId>
  	<artifactId>spring-boot-configuration-processor</artifactId>
  	<optional>true</optional>
  </dependency>
	</dependencies>

	<properties>
		<java.version>1.7</java.version>
	</properties>
	
	<build>
		<finalName>BusinessMiniatures</finalName>
	</build>
</project>